MAE,MSE
15.290263219736676,358.43961361487305
